antecedents,consequents,antecedent support,consequent support,support,confidence,lift,representativity,leverage,conviction,zhangs_metric,jaccard,certainty,kulczynski
{'Komputerisasi Akuntansi - Jumat - desain web'},{'Lab. Struktur Data & SI Akuntansi (Comlab Lt.3)'},0.0015051173991571343,0.08308248043347381,0.0015051173991571343,1.0,12.03623188405797,1.0,0.0013800685122915806,inf,0.9182996683750377,0.018115942028985508,1.0,0.5090579710144928
{'Komputerisasi Akuntansi - Jumat - praktikum basis data'},{'Lab. Basis Data & Big Data (Comlab Lt.4)'},0.002408187838651415,0.052980132450331126,0.002408187838651415,1.0,18.875,1.0,0.0022806017279943863,inf,0.9493059746529874,0.04545454545454546,1.0,0.5227272727272727
{'Komputerisasi Akuntansi - Jumat - praktikum basis data '},{'Lab. Struktur Data & SI Akuntansi (Comlab Lt.3)'},0.0012040939193257074,0.08308248043347381,0.0012040939193257074,1.0,12.03623188405797,1.0,0.0011040548098332646,inf,0.9180229053646776,0.014492753623188406,1.0,0.5072463768115942
{'Komputerisasi Akuntansi - Jumat - praktikum pemrograman bergerak '},{'Lab. RPL & Sistem Informasi (Comlab Lt.3)'},0.002408187838651415,0.07495484647802529,0.002408187838651415,1.0,13.341365461847388,1.0,0.0022276824889150503,inf,0.9272782136391067,0.0321285140562249,1.0,0.5160642570281124
{'Komputerisasi Akuntansi - Jumat - praktikum sistem informasi akutansi '},{'Lab. Perangkat keras & Teknologi Komponen (Comlab Lt.3)'},0.0012040939193257074,0.060505719446116796,0.0012040939193257074,1.0,16.5273631840796,1.0,0.001131239350456211,inf,0.9406268836648584,0.01990049751243781,1.0,0.5099502487562189
{'Komputerisasi Akuntansi - Jumat - pratikum disen web '},{'Lab. Struktur Data & SI Akuntansi (Comlab Lt.3)'},0.0012040939193257074,0.08308248043347381,0.0012040939193257074,1.0,12.03623188405797,1.0,0.0011040548098332646,inf,0.9180229053646776,0.014492753623188406,1.0,0.5072463768115942
{'Komputerisasi Akuntansi - Rabu - praktikum desain web '},{'Lab. Pemrograman Lanjut (Diklat Lt.4)'},0.002107164358819988,0.08398555087296809,0.002107164358819988,1.0,11.906810035842295,1.0,0.0019301929993646068,inf,0.917948717948718,0.025089605734767026,1.0,0.5125448028673835
{'Komputerisasi Akuntansi - Selasa - praktikum akuntansi dasar '},{'Lab. Struktur Data & SI Akuntansi (Comlab Lt.3)'},0.0015051173991571343,0.08308248043347381,0.0015051173991571343,1.0,12.03623188405797,1.0,0.0013800685122915806,inf,0.9182996683750377,0.018115942028985508,1.0,0.5090579710144928
{'Manajemen Informatika - Jumat - kuliah praktikum basis data ii'},{'Lab. Basis Data & Big Data (Comlab Lt.4)'},0.0012040939193257074,0.052980132450331126,0.0012040939193257074,1.0,18.875,1.0,0.0011403008639971931,inf,0.948161543098252,0.022727272727272728,1.0,0.5113636363636364
{'Komputerisasi Akuntansi - Senin - zahir accounting '},{'Lab. Struktur Data & SI Akuntansi (Comlab Lt.3)'},0.0012040939193257074,0.08308248043347381,0.0012040939193257074,1.0,12.03623188405797,1.0,0.0011040548098332646,inf,0.9180229053646776,0.014492753623188406,1.0,0.5072463768115942
{'Komputerisasi Akuntansi - Senin - pratikum struktur data '},{'Lab. Struktur Data & SI Akuntansi (Comlab Lt.3)'},0.0015051173991571343,0.08308248043347381,0.0015051173991571343,1.0,12.03623188405797,1.0,0.0013800685122915806,inf,0.9182996683750377,0.018115942028985508,1.0,0.5090579710144928
{'Komputerisasi Akuntansi - Senin - praktikum akuntansi keuangan menengah '},{'Lab. RPL & Sistem Informasi (Comlab Lt.3)'},0.0015051173991571343,0.07495484647802529,0.0015051173991571343,1.0,13.341365461847388,1.0,0.0013923015555719065,inf,0.9264395538136871,0.020080321285140562,1.0,0.5100401606425703
{'Komputerisasi Akuntansi - Selasa - praktikum struktur data'},{'Lab. Pemrograman Lanjut (Diklat Lt.4)'},0.0015051173991571343,0.08398555087296809,0.0015051173991571343,1.0,11.906810035842295,1.0,0.0013787092852604334,inf,0.9173952366596323,0.017921146953405017,1.0,0.5089605734767025
{'Sistem Informasi Bilingual - Senin - jaga lab - aslab'},{'Lab. Struktur Data & SI Akuntansi (Comlab Lt.3)'},0.001806140878988561,0.08308248043347381,0.001806140878988561,1.0,12.03623188405797,1.0,0.0016560822147498968,inf,0.9185765983112184,0.021739130434782608,1.0,0.5108695652173914
{'Sistem Informasi Bilingual - Selasa - jaga lab - aslab'},{'Lab. Struktur Data & SI Akuntansi (Comlab Lt.3)'},0.0012040939193257074,0.08308248043347381,0.0012040939193257074,1.0,12.03623188405797,1.0,0.0011040548098332646,inf,0.9180229053646776,0.014492753623188406,1.0,0.5072463768115942
{'Manajemen Informatika - Rabu - mata kuliah praktikum basis data 1 '},{'Lab. Struktur Data & SI Akuntansi (Comlab Lt.3)'},0.0012040939193257074,0.08308248043347381,0.0012040939193257074,1.0,12.03623188405797,1.0,0.0011040548098332646,inf,0.9180229053646776,0.014492753623188406,1.0,0.5072463768115942
{'Sistem Informasi Bilingual - Kamis - jaga lab - aslab'},{'Lab. Struktur Data & SI Akuntansi (Comlab Lt.3)'},0.0012040939193257074,0.08308248043347381,0.0012040939193257074,1.0,12.03623188405797,1.0,0.0011040548098332646,inf,0.9180229053646776,0.014492753623188406,1.0,0.5072463768115942
{'Sistem Informasi Bilingual - Rabu - tugas jaga lab'},{'Lab. Struktur Data & SI Akuntansi (Comlab Lt.3)'},0.0015051173991571343,0.08308248043347381,0.0015051173991571343,1.0,12.03623188405797,1.0,0.0013800685122915806,inf,0.9182996683750377,0.018115942028985508,1.0,0.5090579710144928
{'Manajemen Informatika - Kamis - kuliah praktikum pemrograman visual'},{'Lab. Basis Data & Big Data (Comlab Lt.4)'},0.0030102347983142685,0.052980132450331126,0.0030102347983142685,1.0,18.875,1.0,0.0028507521599929826,inf,0.9498792270531401,0.056818181818181816,1.0,0.5284090909090909
{'Manajemen Informatika - Senin - praktikum desain grafis '},{'Lab. Basis Data & Big Data (Comlab Lt.4)'},0.002408187838651415,0.052980132450331126,0.002408187838651415,1.0,18.875,1.0,0.0022806017279943863,inf,0.9493059746529874,0.04545454545454546,1.0,0.5227272727272727
{'Manajemen Informatika - Kamis - ruang kelas '},{'Lab. Basis Data & Big Data (Comlab Lt.4)'},0.0012040939193257074,0.052980132450331126,0.0012040939193257074,1.0,18.875,1.0,0.0011403008639971931,inf,0.948161543098252,0.022727272727272728,1.0,0.5113636363636364
{'Sistem Komputer - Kamis - skripsi'},{'Lab. Elektronika & Sistem Digital (Comlab Lt.2)'},0.0015051173991571343,0.08579169175195665,0.0015051173991571343,1.0,11.656140350877193,1.0,0.0013759908311981386,inf,0.9155863732288213,0.017543859649122806,1.0,0.5087719298245614
{'Sistem Komputer - Jumat - skripsi'},{'Lab. Elektronika & Sistem Digital (Comlab Lt.2)'},0.001806140878988561,0.08579169175195665,0.001806140878988561,1.0,11.656140350877193,1.0,0.0016511889974377665,inf,0.9158624849215924,0.021052631578947368,1.0,0.5105263157894737
{'Sistem Komputer - Senin - mengerjakan skripsi'},{'Lab. Jaringan Komputer & Komdat (Comlab Lt.2)'},0.0012040939193257074,0.09211318482841661,0.0012040939193257074,1.0,10.856209150326798,1.0,0.001093180993584086,inf,0.9089813140446051,0.013071895424836602,1.0,0.5065359477124183
{'Sistem Komputer - Jumat - mengerjakan skripsi'},{'Lab. Jaringan Komputer & Komdat (Comlab Lt.2)'},0.0012040939193257074,0.09211318482841661,0.0012040939193257074,1.0,10.856209150326798,1.0,0.001093180993584086,inf,0.9089813140446051,0.013071895424836602,1.0,0.5065359477124183
{'Sistem Komputer - Selasa - skripsi'},{'Lab. Elektronika & Sistem Digital (Comlab Lt.2)'},0.0027092113184828417,0.08579169175195665,0.0027092113184828417,1.0,11.656140350877193,1.0,0.00247678349615665,inf,0.9166918201026261,0.031578947368421054,1.0,0.5157894736842106
{'Sistem Komputer - Senin - skripsi'},{'Lab. Elektronika & Sistem Digital (Comlab Lt.2)'},0.002107164358819988,0.08579169175195665,0.002107164358819988,1.0,11.656140350877193,1.0,0.0019263871636773942,inf,0.9161387631975868,0.02456140350877193,1.0,0.512280701754386
{'Sistem Komputer - Rabu - skripsi'},{'Lab. Elektronika & Sistem Digital (Comlab Lt.2)'},0.0030102347983142685,0.08579169175195665,0.0030102347983142685,1.0,11.656140350877193,1.0,0.0027519816623962773,inf,0.9169685990338164,0.03508771929824561,1.0,0.5175438596491229
{'Sistem Komputer - Selasa - praktikum rangkaian listrik '},{'Lab. Elektronika & Sistem Digital (Comlab Lt.2)'},0.0012040939193257074,0.08579169175195665,0.0012040939193257074,1.0,11.656140350877193,1.0,0.001100792664958511,inf,0.9153104279686558,0.014035087719298246,1.0,0.5070175438596491
{'Manajemen Informatika - Rabu - kuliah praktikum jaringan komputer'},{'Lab. Jaringan Komputer & Komdat (Comlab Lt.2)'},0.002408187838651415,0.09211318482841661,0.002408187838651415,1.0,10.856209150326798,1.0,0.002186361987168172,inf,0.9100784550392275,0.026143790849673203,1.0,0.5130718954248366
{'Teknik Informatika Bilingual - Kamis - pemrograman komputer lanjut'},{'Lab. Pemrograman Dasar (Diklat Lt.3)'},0.0015051173991571343,0.06923540036122817,0.0015051173991571343,1.0,14.443478260869565,1.0,0.0014009099934358395,inf,0.9321676213445885,0.021739130434782608,1.0,0.5108695652173914
{'Teknik Informatika Bilingual - Kamis - pratikum basis data'},{'Lab. Pemrograman Dasar (Diklat Lt.3)'},0.002107164358819988,0.06923540036122817,0.002107164358819988,1.0,14.443478260869565,1.0,0.0019612739908101756,inf,0.9327300150829564,0.030434782608695653,1.0,0.5152173913043478
{'Teknik Informatika Bilingual - Selasa - algoritma dan struktur data lanjut'},{'Lab. Pemrograman Dasar (Diklat Lt.3)'},0.002408187838651415,0.06923540036122817,0.002408187838651415,1.0,14.443478260869565,1.0,0.0022414559894973433,inf,0.9330114665057332,0.034782608695652174,1.0,0.5173913043478261
{'Teknik Informatika Bilingual - Selasa - praktikum pemrograman komputer lanjut'},{'Lab. Pemrograman Dasar (Diklat Lt.3)'},0.0012040939193257074,0.06923540036122817,0.0012040939193257074,1.0,14.443478260869565,1.0,0.0011207279947486716,inf,0.9318866787221217,0.017391304347826087,1.0,0.508695652173913
{'Teknik Informatika Bilingual - Selasa - meminjam kunci untuk belajar'},{'Lab. Pemrograman Dasar (Diklat Lt.3)'},0.0012040939193257074,0.06923540036122817,0.0012040939193257074,1.0,14.443478260869565,1.0,0.0011207279947486716,inf,0.9318866787221217,0.017391304347826087,1.0,0.508695652173913
{'Manajemen Informatika - Rabu - matakuliah praktikum web programming ii'},{'Lab. Pemrograman Internet (Diklat Lt.5)'},0.001806140878988561,0.06923540036122817,0.001806140878988561,1.0,14.443478260869565,1.0,0.0016810919921230075,inf,0.9324487334137516,0.026086956521739132,1.0,0.5130434782608696
{'Manajemen Informatika - Kamis - mata kuliah '},{'Lab. Pemrograman Internet (Diklat Lt.5)'},0.001806140878988561,0.06923540036122817,0.001806140878988561,1.0,14.443478260869565,1.0,0.0016810919921230075,inf,0.9324487334137516,0.026086956521739132,1.0,0.5130434782608696
{'Manajemen Informatika - Rabu - kegiatan belajar kuliah'},{'Lab. Multimedia & Pemrograman Game (Comlab Lt.4)'},0.0012040939193257074,0.0526791089704997,0.0012040939193257074,1.0,18.982857142857142,1.0,0.0011406633245388323,inf,0.9484629294755876,0.022857142857142857,1.0,0.5114285714285715
{'Manajemen Informatika - Senin - kegiatan belajar kuliah'},{'Lab. Multimedia & Pemrograman Game (Comlab Lt.4)'},0.0012040939193257074,0.0526791089704997,0.0012040939193257074,1.0,18.982857142857142,1.0,0.0011406633245388323,inf,0.9484629294755876,0.022857142857142857,1.0,0.5114285714285715
{'Teknik Informatika Bilingual - Selasa - asisten lab '},{'Lab. Multimedia & Pemrograman Game (Comlab Lt.4)'},0.0015051173991571343,0.0526791089704997,0.0015051173991571343,1.0,18.982857142857142,1.0,0.0014258291556735404,inf,0.9487488694603557,0.028571428571428574,1.0,0.5142857142857142
{'Teknik Informatika Bilingual - Rabu - asisten lab '},{'Lab. Multimedia & Pemrograman Game (Comlab Lt.4)'},0.0012040939193257074,0.0526791089704997,0.0012040939193257074,1.0,18.982857142857142,1.0,0.0011406633245388323,inf,0.9484629294755876,0.022857142857142857,1.0,0.5114285714285715
{'Manajemen Informatika - Senin - matakuliah praktikum sistem operasi'},{'Lab. Pemrograman Dasar (Diklat Lt.3)'},0.0027092113184828417,0.06923540036122817,0.0027092113184828417,1.0,14.443478260869565,1.0,0.0025216379881845114,inf,0.9332930878357985,0.0391304347826087,1.0,0.5195652173913043
{'Teknik Komputer - Rabu - praktikum jaringan komputer '},{'Lab. Jaringan Komputer & Komdat (Comlab Lt.2)'},0.0012040939193257074,0.09211318482841661,0.0012040939193257074,1.0,10.856209150326798,1.0,0.001093180993584086,inf,0.9089813140446051,0.013071895424836602,1.0,0.5065359477124183
{'Teknik Komputer - Kamis - ada mata kuliah praktikum'},{'Lab. Jaringan Komputer & Komdat (Comlab Lt.2)'},0.0015051173991571343,0.09211318482841661,0.0015051173991571343,1.0,10.856209150326798,1.0,0.0013664762419801075,inf,0.909255351220983,0.016339869281045753,1.0,0.5081699346405228
{'Sistem Komputer - Senin - tugas akhir dengan pak ahmad heryanto '},{'Lab. Jaringan Komputer & Komdat (Comlab Lt.2)'},0.001806140878988561,0.09211318482841661,0.001806140878988561,1.0,10.856209150326798,1.0,0.001639771490376129,inf,0.9095295536791316,0.0196078431372549,1.0,0.5098039215686274
{'Sistem Komputer - Senin - organisasi dan arsitektur komputer'},{'Lab. Pemrograman Internet (Diklat Lt.5)'},0.002107164358819988,0.06923540036122817,0.002107164358819988,1.0,14.443478260869565,1.0,0.0019612739908101756,inf,0.9327300150829564,0.030434782608695653,1.0,0.5152173913043478
{'Sistem Komputer - Senin - mata kuliah data mining'},{'Lab. Pemrograman Internet (Diklat Lt.5)'},0.0012040939193257074,0.06923540036122817,0.0012040939193257074,1.0,14.443478260869565,1.0,0.0011207279947486716,inf,0.9318866787221217,0.017391304347826087,1.0,0.508695652173913
{'Manajemen Informatika - Senin - praktikum web programming ii'},{'Lab. Pemrograman Internet (Diklat Lt.5)'},0.002107164358819988,0.06923540036122817,0.002107164358819988,1.0,14.443478260869565,1.0,0.0019612739908101756,inf,0.9327300150829564,0.030434782608695653,1.0,0.5152173913043478
{'Sistem Informasi Bilingual - Senin - praktikum pemrograman web 1'},{'Lab. Pemrograman Internet (Diklat Lt.5)'},0.002107164358819988,0.06923540036122817,0.002107164358819988,1.0,14.443478260869565,1.0,0.0019612739908101756,inf,0.9327300150829564,0.030434782608695653,1.0,0.5152173913043478
{'Teknik Informatika Bilingual - Kamis - pratikum pemrograman komputer lanjut'},{'Lab. Pemrograman Internet (Diklat Lt.5)'},0.0015051173991571343,0.06923540036122817,0.0015051173991571343,1.0,14.443478260869565,1.0,0.0014009099934358395,inf,0.9321676213445885,0.021739130434782608,1.0,0.5108695652173914
{'Teknik Informatika Bilingual - Kamis - meminjam kunci untuk belajar'},{'Lab. Pemrograman Dasar (Diklat Lt.3)'},0.0012040939193257074,0.06923540036122817,0.0012040939193257074,1.0,14.443478260869565,1.0,0.0011207279947486716,inf,0.9318866787221217,0.017391304347826087,1.0,0.508695652173913
{'Manajemen Informatika - Rabu - mk praktikum basis data '},{'Lab. Struktur Data & SI Akuntansi (Comlab Lt.3)'},0.0012040939193257074,0.08308248043347381,0.0012040939193257074,1.0,12.03623188405797,1.0,0.0011040548098332646,inf,0.9180229053646776,0.014492753623188406,1.0,0.5072463768115942
{'Teknik Komputer - Kamis - mk interaksi manusia komputer '},{'RUANG Studio (Comlab Lt.4)'},0.0012040939193257074,0.030403371462974112,0.0012040939193257074,1.0,32.89108910891089,1.0,0.0011674854046201395,inf,0.9707655213984328,0.03960396039603961,1.0,0.5198019801980198
{'Manajemen Informatika - Senin - kuliah praktikum pemrograman berorientasi objek'},{'RUANG 3 A'},0.0033112582781456954,0.0448524984948826,0.0033112582781456954,1.0,22.29530201342282,1.0,0.003162740071208998,inf,0.9583207490184236,0.0738255033557047,1.0,0.5369127516778524
{'Teknik Komputer - Senin - jaringan komputer '},{'RUANG Studio (Comlab Lt.4)'},0.0015051173991571343,0.030403371462974112,0.0015051173991571343,1.0,32.89108910891089,1.0,0.0014593567557751744,inf,0.9710581851070245,0.04950495049504951,1.0,0.5247524752475248
{'Teknik Komputer - Rabu - komputasi bergerak '},{'RUANG Studio (Comlab Lt.4)'},0.0012040939193257074,0.030403371462974112,0.0012040939193257074,1.0,32.89108910891089,1.0,0.0011674854046201395,inf,0.9707655213984328,0.03960396039603961,1.0,0.5198019801980198
{'Teknik Komputer - Senin - rekayasa perangkat lunak '},{'Lab. Studio (Comlab Lt.4)'},0.0012040939193257074,0.03281155930162553,0.0012040939193257074,1.0,30.477064220183486,1.0,0.0011645857202870252,inf,0.9683544303797468,0.03669724770642202,1.0,0.518348623853211
{'Manajemen Informatika - Kamis - matakuliah'},{'Lab. Studio (Comlab Lt.4)'},0.002107164358819988,0.03281155930162553,0.002107164358819988,1.0,30.477064220183486,1.0,0.002038025010502294,inf,0.9692307692307692,0.06422018348623854,1.0,0.5321100917431193
{'Teknik Informatika Bilingual - Selasa - praktikum'},{'Lab. Struktur Data & SI Akuntansi (Comlab Lt.3)'},0.0015051173991571343,0.08308248043347381,0.0015051173991571343,1.0,12.03623188405797,1.0,0.0013800685122915806,inf,0.9182996683750377,0.018115942028985508,1.0,0.5090579710144928
{'Sistem Informasi Bilingual - Jumat - asisten lab '},{'Lab. RPL & Sistem Informasi (Comlab Lt.3)'},0.0039133052378085495,0.07495484647802529,0.0039133052378085495,1.0,13.341365461847388,1.0,0.0036199840444869572,inf,0.9286793593230582,0.05220883534136547,1.0,0.5261044176706827
{'Teknik Informatika Bilingual - Senin - tugas akhir '},{'Lab. Pengolahan Citra & Pengenalan Pola (Comlab Lt.3)'},0.0030102347983142685,0.056592414208308246,0.0030102347983142685,1.0,17.670212765957448,1.0,0.0028398783437438044,inf,0.9462560386473431,0.05319148936170213,1.0,0.526595744680851
{'Teknik Informatika Bilingual - Selasa - tugas akhir '},{'Lab. Pengolahan Citra & Pengenalan Pola (Comlab Lt.3)'},0.0030102347983142685,0.056592414208308246,0.0030102347983142685,1.0,17.670212765957448,1.0,0.0028398783437438044,inf,0.9462560386473431,0.05319148936170213,1.0,0.526595744680851
{'Teknik Informatika Bilingual - Senin - aslab/tugas akhir '},{'Lab. Pengolahan Citra & Pengenalan Pola (Comlab Lt.3)'},0.004214328717639976,0.056592414208308246,0.004214328717639976,1.0,17.670212765957448,1.0,0.003975829681241326,inf,0.9474002418379684,0.07446808510638298,1.0,0.5372340425531915
{'Teknik Informatika Bilingual - Selasa - aslab/tugas akhir '},{'Lab. Pengolahan Citra & Pengenalan Pola (Comlab Lt.3)'},0.004515352197471403,0.056592414208308246,0.004515352197471403,1.0,17.670212765957448,1.0,0.004259817515615706,inf,0.9476867251285152,0.0797872340425532,1.0,0.5398936170212766
{'Teknik Informatika Bilingual - Rabu - tugas akhir '},{'Lab. Pengolahan Citra & Pengenalan Pola (Comlab Lt.3)'},0.003612281757977122,0.056592414208308246,0.003612281757977122,1.0,17.670212765957448,1.0,0.0034078540124925652,inf,0.9468277945619336,0.06382978723404256,1.0,0.5319148936170213
{'Teknik Informatika Bilingual - Kamis - aslab/tugas akhir '},{'Lab. Pengolahan Citra & Pengenalan Pola (Comlab Lt.3)'},0.003612281757977122,0.056592414208308246,0.003612281757977122,1.0,17.670212765957448,1.0,0.0034078540124925652,inf,0.9468277945619336,0.06382978723404256,1.0,0.5319148936170213
{'Teknik Informatika Bilingual - Jumat - tugas akhir '},{'Lab. Pengolahan Citra & Pengenalan Pola (Comlab Lt.3)'},0.003612281757977122,0.056592414208308246,0.003612281757977122,1.0,17.670212765957448,1.0,0.0034078540124925652,inf,0.9468277945619336,0.06382978723404256,1.0,0.5319148936170213
{'Teknik Informatika Bilingual - Rabu - aslab/tugas akhir '},{'Lab. Pengolahan Citra & Pengenalan Pola (Comlab Lt.3)'},0.003612281757977122,0.056592414208308246,0.003612281757977122,1.0,17.670212765957448,1.0,0.0034078540124925652,inf,0.9468277945619336,0.06382978723404256,1.0,0.5319148936170213
{'Teknik Informatika Bilingual - Kamis - tugas akhir '},{'Lab. Pengolahan Citra & Pengenalan Pola (Comlab Lt.3)'},0.0033112582781456954,0.056592414208308246,0.0033112582781456954,1.0,17.670212765957448,1.0,0.0031238661781181846,inf,0.9465418302627606,0.05851063829787234,1.0,0.5292553191489362
{'Sistem Komputer - Kamis - praktikum pemrograman komputer'},{'Lab. Pemrograman Lanjut (Diklat Lt.4)'},0.0015051173991571343,0.08398555087296809,0.0015051173991571343,1.0,11.906810035842295,1.0,0.0013787092852604334,inf,0.9173952366596323,0.017921146953405017,1.0,0.5089605734767025
{'Teknik Informatika Bilingual - Jumat - aslab/tugas akhir '},{'Lab. Pengolahan Citra & Pengenalan Pola (Comlab Lt.3)'},0.004515352197471403,0.056592414208308246,0.004515352197471403,1.0,17.670212765957448,1.0,0.004259817515615706,inf,0.9476867251285152,0.0797872340425532,1.0,0.5398936170212766
{'Sistem Informasi Bilingual - Rabu - praktikum pemrograman web 1 '},{'Lab. Pemrograman Lanjut (Diklat Lt.4)'},0.0015051173991571343,0.08398555087296809,0.0015051173991571343,1.0,11.906810035842295,1.0,0.0013787092852604334,inf,0.9173952366596323,0.017921146953405017,1.0,0.5089605734767025
{'Sistem Komputer - Kamis - mk praktikum pemrograman komputer '},{'Lab. Pemrograman Lanjut (Diklat Lt.4)'},0.0012040939193257074,0.08398555087296809,0.0012040939193257074,1.0,11.906810035842295,1.0,0.0011029674282083467,inf,0.9171187462326703,0.014336917562724014,1.0,0.507168458781362
{'Sistem Informasi Bilingual - Rabu - mata kuliah praktikum pemrograman bergerak'},{'Lab. Pemrograman Lanjut (Diklat Lt.4)'},0.0030102347983142685,0.08398555087296809,0.0030102347983142685,1.0,11.906810035842295,1.0,0.002757418570520867,inf,0.918780193236715,0.035842293906810034,1.0,0.517921146953405
{'Sistem Informasi Bilingual - Kamis - meminjam kunci lab'},{'Lab. Pemrograman Lanjut (Diklat Lt.4)'},0.0012040939193257074,0.08398555087296809,0.0012040939193257074,1.0,11.906810035842295,1.0,0.0011029674282083467,inf,0.9171187462326703,0.014336917562724014,1.0,0.507168458781362
{'Sistem Informasi Bilingual - Kamis - kelas etika profesi '},{'Lab. Pemrograman Lanjut (Diklat Lt.4)'},0.0015051173991571343,0.08398555087296809,0.0015051173991571343,1.0,11.906810035842295,1.0,0.0013787092852604334,inf,0.9173952366596323,0.017921146953405017,1.0,0.5089605734767025
{'Sistem Informasi Bilingual - Jumat - praktikum pem web 1'},{'Lab. Pemrograman Lanjut (Diklat Lt.4)'},0.0012040939193257074,0.08398555087296809,0.0012040939193257074,1.0,11.906810035842295,1.0,0.0011029674282083467,inf,0.9171187462326703,0.014336917562724014,1.0,0.507168458781362
{'Sistem Informasi Bilingual - Jumat - tugas jaga lab'},{'Lab. Struktur Data & SI Akuntansi (Comlab Lt.3)'},0.0012040939193257074,0.08308248043347381,0.0012040939193257074,1.0,12.03623188405797,1.0,0.0011040548098332646,inf,0.9180229053646776,0.014492753623188406,1.0,0.5072463768115942
{'Sistem Informasi Bilingual - Kamis - tugas jaga lab'},{'Lab. Struktur Data & SI Akuntansi (Comlab Lt.3)'},0.0015051173991571343,0.08308248043347381,0.0015051173991571343,1.0,12.03623188405797,1.0,0.0013800685122915806,inf,0.9182996683750377,0.018115942028985508,1.0,0.5090579710144928
{'Teknik Komputer - Selasa - jadwal kelas'},{'Lab. RPL & Sistem Informasi (Comlab Lt.3)'},0.0012040939193257074,0.07495484647802529,0.0012040939193257074,1.0,13.341365461847388,1.0,0.0011138412444575251,inf,0.9261603375527425,0.01606425702811245,1.0,0.5080321285140562
{'Sistem Informasi Bilingual - Kamis - asisten lab '},{'Lab. RPL & Sistem Informasi (Comlab Lt.3)'},0.004515352197471403,0.07495484647802529,0.004214328717639976,0.9333333333333332,12.451941097724228,1.0,0.0038758811868842926,13.875677302829601,0.923862801848892,0.056,0.92793144592689,0.4947791164658634
{'Komputerisasi Akuntansi - Rabu - praktikum desain web'},{'Lab. Pemrograman Lanjut (Diklat Lt.4)'},0.0033112582781456954,0.08398555087296809,0.0030102347983142685,0.9090909090909091,10.82437275985663,1.0,0.0027321369477415263,10.076158940397347,0.9106312292358804,0.03571428571428571,0.9007558330594807,0.47246660149885955
{'Manajemen Informatika - Selasa - kuliah praktikum animasi komputer'},{'Lab. Basis Data & Big Data (Comlab Lt.4)'},0.0030102347983142685,0.052980132450331126,0.0027092113184828417,0.9,16.9875,1.0,0.002549728680161556,9.47019867549669,0.9439747718733226,0.05084745762711864,0.8944055944055944,0.47556818181818183
{'Sistem Informasi Bilingual - Rabu - asisten lab '},{'Lab. RPL & Sistem Informasi (Comlab Lt.3)'},0.0030102347983142685,0.07495484647802529,0.0027092113184828417,0.9,12.00722891566265,1.0,0.002483579631312386,9.25045153521975,0.9194847020933977,0.036,0.8918971688903352,0.4680722891566265
{'Manajemen Informatika - Rabu - praktikum basis data i'},{'Lab. Pemrograman Internet (Diklat Lt.5)'},0.002408187838651415,0.06923540036122817,0.002107164358819988,0.875,12.63804347826087,1.0,0.0019404325096659164,7.446116797110174,0.9230968186912664,0.0303030303030303,0.8657018111254852,0.45271739130434785
{'Manajemen Informatika - Kamis - praktikum multimedia i '},{'Lab. Struktur Data & SI Akuntansi (Comlab Lt.3)'},0.002107164358819988,0.08308248043347381,0.001806140878988561,0.8571428571428571,10.316770186335402,1.0,0.0016310724373767862,6.418422636965682,0.904977375565611,0.021660649819494587,0.8441984804427352,0.43944099378881984
{'Teknik Komputer - Kamis - belajar'},{'RUANG COMLAB 1.1'},0.002107164358819988,0.048464780252859725,0.001806140878988561,0.8571428571428571,17.68589174800355,1.0,0.0017040176213816924,6.66074653822998,0.9454499748617395,0.037037037037037035,0.8498666787183079,0.44720496894409933
{'Sistem Informasi Bilingual - Selasa - asisten lab'},{'Lab. RPL & Sistem Informasi (Comlab Lt.3)'},0.004214328717639976,0.07495484647802529,0.003612281757977122,0.8571428571428571,11.435456110154904,1.0,0.0032963973959384846,6.47531607465382,0.9164147521160821,0.047808764940239036,0.8455673841290502,0.45266781411359724
{'Komputerisasi Akuntansi - Kamis - pratikum zahir accounting '},{'Lab. Struktur Data & SI Akuntansi (Comlab Lt.3)'},0.002107164358819988,0.08308248043347381,0.001806140878988561,0.8571428571428571,10.316770186335402,1.0,0.0016310724373767862,6.418422636965682,0.904977375565611,0.021660649819494587,0.8441984804427352,0.43944099378881984
{'Manajemen Informatika - Jumat - kuliah multimedia ii'},{'Lab. Pemrograman Dasar (Diklat Lt.3)'},0.002107164358819988,0.06923540036122817,0.001806140878988561,0.8571428571428571,12.380124223602484,1.0,0.0016602505109787485,6.5153521974714,0.9211664152840623,0.025974025974025976,0.8465163555719829,0.4416149068322981
{'Sistem Informasi Bilingual - Senin - asisten lab '},{'Lab. RPL & Sistem Informasi (Comlab Lt.3)'},0.001806140878988561,0.07495484647802529,0.0015051173991571343,0.8333333333333334,11.117804551539491,1.0,0.001369738386854861,5.550270921131849,0.9117008443908322,0.02,0.8198286148172254,0.426706827309237
{'Teknik Komputer - Kamis - praktikum sistem operasi'},{'Lab. Jaringan Komputer & Komdat (Comlab Lt.2)'},0.001806140878988561,0.09211318482841661,0.0015051173991571343,0.8333333333333334,9.046840958605666,1.0,0.0013387480105447021,5.447320891029502,0.8910735826296743,0.016286644951140065,0.816423519009726,0.4248366013071896
{'Sistem Komputer - Selasa - materi'},{'Lab. Pemrograman Dasar (Diklat Lt.3)'},0.001806140878988561,0.06923540036122817,0.0015051173991571343,0.8333333333333334,12.036231884057973,1.0,0.0013800685122915806,5.584587597832632,0.9185765983112183,0.021645021645021648,0.8209357481673135,0.427536231884058
{'Manajemen Informatika - Selasa - matakuliah'},{'Lab. Basis Data & Big Data (Comlab Lt.4)'},0.001806140878988561,0.052980132450331126,0.0015051173991571343,0.8333333333333334,15.729166666666668,1.0,0.0014094278161643629,5.682119205298014,0.9381182147165259,0.02824858757062147,0.824009324009324,0.43087121212121215
{'Sistem Informasi Bilingual - Selasa - asisten lab '},{'Lab. RPL & Sistem Informasi (Comlab Lt.3)'},0.001806140878988561,0.07495484647802529,0.0015051173991571343,0.8333333333333334,11.117804551539491,1.0,0.001369738386854861,5.550270921131849,0.9117008443908322,0.02,0.8198286148172254,0.426706827309237
{'Manajemen Informatika - Jumat - kuliah praktikum basis data'},{'Lab. Basis Data & Big Data (Comlab Lt.4)'},0.001806140878988561,0.052980132450331126,0.0015051173991571343,0.8333333333333334,15.729166666666668,1.0,0.0014094278161643629,5.682119205298014,0.9381182147165259,0.02824858757062147,0.824009324009324,0.43087121212121215
{'Sistem Komputer - Jumat - belajar'},{'Lab. Elektronika & Sistem Digital (Comlab Lt.2)'},0.001806140878988561,0.08579169175195665,0.0015051173991571343,0.8333333333333334,9.713450292397662,1.0,0.0013501655176063397,5.4852498494882616,0.8986731001206273,0.017482517482517484,0.8176928986938865,0.42543859649122806
{'Teknik Komputer - Jumat - kecerdasan buatan '},{'RUANG Studio (Comlab Lt.4)'},0.0033112582781456954,0.030403371462974112,0.0027092113184828417,0.8181818181818182,26.91089108910891,1.0,0.00260853790304253,5.332781456953644,0.9660391288298263,0.08737864077669903,0.8124805960881715,0.45364536453645365
{'Komputerisasi Akuntansi - Selasa - praktikum anggaran '},{'Lab. Multimedia & Pemrograman Game (Comlab Lt.4)'},0.0015051173991571343,0.0526791089704997,0.0012040939193257074,0.8,15.186285714285717,1.0,0.0011248056758421136,4.736604455147503,0.9355592402773591,0.02272727272727273,0.7888782967905943,0.4114285714285715
{'Komputerisasi Akuntansi - Kamis - praktikum algoritma dan pemrograman '},{'Lab. Pemrograman Lanjut (Diklat Lt.4)'},0.0015051173991571343,0.08398555087296809,0.0012040939193257074,0.8,9.525448028673836,1.0,0.0010776858054290066,4.580072245635161,0.8963671992764548,0.014285714285714284,0.7816628327308578,0.40716845878136204
{'Komputerisasi Akuntansi - Rabu - pratikum basis data '},{'Lab. Basis Data & Big Data (Comlab Lt.4)'},0.0015051173991571343,0.052980132450331126,0.0012040939193257074,0.8,15.100000000000001,1.0,0.0011243526001650645,4.735099337748345,0.9351823937292735,0.02259887005649718,0.7888111888111888,0.4113636363636364
{'Teknik Komputer - Rabu - belajar '},{'RUANG 3 A'},0.0015051173991571343,0.0448524984948826,0.0012040939193257074,0.8,17.836241610738256,1.0,0.0011365856434453904,4.775737507525588,0.9453572505275852,0.026666666666666672,0.7906082571698708,0.4134228187919463
{'Sistem Komputer - Rabu - belajar'},{'Lab. Elektronika & Sistem Digital (Comlab Lt.2)'},0.0015051173991571343,0.08579169175195665,0.0012040939193257074,0.8,9.324912280701755,1.0,0.0010749673513667118,4.571041541240218,0.894106119987941,0.013986013986013984,0.7812314784326638,0.40701754385964917
{'Sistem Informasi Bilingual - Selasa - praktikum basis data ii'},{'Lab. Pemrograman Lanjut (Diklat Lt.4)'},0.0015051173991571343,0.08398555087296809,0.0012040939193257074,0.8,9.525448028673836,1.0,0.0010776858054290066,4.580072245635161,0.8963671992764548,0.014285714285714284,0.7816628327308578,0.40716845878136204
{'Sistem Informasi Bilingual - Kamis - mata kuliah multimedia'},{'RUANG COMLAB 1.1'},0.0015051173991571343,0.048464780252859725,0.0012040939193257074,0.8,16.506832298136647,1.0,0.0011311487353208012,4.757676098735702,0.9408350919505579,0.02469135802469136,0.7898133502056311,0.41242236024844725
{'Teknik Komputer - Kamis - tugas akhir '},"{'Lab. Robotika, Sistem Kendali & Sistem Tertanam (Comlab Lt.2)'}",0.0015051173991571343,0.050270921131848285,0.0012040939193257074,0.8,15.913772455089822,1.0,0.0011284302812585064,4.74864539434076,0.938574012662044,0.02380952380952381,0.7894136291600634,0.4119760479041916
{'Teknik Komputer - Jumat - tugas akhir '},"{'Lab. Robotika, Sistem Kendali & Sistem Tertanam (Comlab Lt.2)'}",0.0015051173991571343,0.050270921131848285,0.0012040939193257074,0.8,15.913772455089822,1.0,0.0011284302812585064,4.74864539434076,0.938574012662044,0.02380952380952381,0.7894136291600634,0.4119760479041916
{'Teknik Informatika Bilingual - Rabu - mata kuliah grafika komputer'},{'Lab. Pemrograman Dasar (Diklat Lt.3)'},0.0027092113184828417,0.06923540036122817,0.002107164358819988,0.7777777777777778,11.233816425120773,1.0,0.0019195910285216575,4.188440698374473,0.9134578069078523,0.030172413793103446,0.7612476642230847,0.40410628019323674
{'Teknik Komputer - Senin - tugas akhir '},"{'Lab. Robotika, Sistem Kendali & Sistem Tertanam (Comlab Lt.2)'}",0.002408187838651415,0.050270921131848285,0.001806140878988561,0.75,14.919161676646706,1.0,0.0016850790580810397,3.798916315472607,0.9352243009454838,0.03550295857988166,0.7367670364500792,0.3929640718562874
{'Manajemen Informatika - Selasa - praktikum animasi komputer '},{'Lab. Multimedia & Pemrograman Game (Comlab Lt.4)'},0.004515352197471403,0.0526791089704997,0.0033112582781456954,0.7333333333333333,13.920761904761905,1.0,0.003073393547694914,3.5524533413606254,0.9323748522418012,0.06145251396648046,0.7185043957207923,0.39809523809523806
{'Sistem Komputer - Jumat - asisten lab'},{'Lab. Jaringan Komputer & Komdat (Comlab Lt.2)'},0.005418422636965683,0.09211318482841661,0.0039133052378085495,0.7222222222222223,7.840595497458244,1.0,0.003414197071971253,3.2683925346177016,0.877211771279568,0.041800643086816726,0.6940391983495433,0.3823529411764706
{'Teknik Komputer - Rabu - tugas akhir'},"{'Lab. Robotika, Sistem Kendali & Sistem Tertanam (Comlab Lt.2)'}",0.004214328717639976,0.050270921131848285,0.0030102347983142685,0.7142857142857143,14.208725406330197,1.0,0.002798376611726106,3.324051776038531,0.9335550181378476,0.05847953216374269,0.6991623273715192,0.3870829769033362
{'Sistem Informasi Bilingual - Jumat - jaga lab - aslab'},{'Lab. Struktur Data & SI Akuntansi (Comlab Lt.3)'},0.002107164358819988,0.08308248043347381,0.0015051173991571343,0.7142857142857143,8.597308488612837,1.0,0.0013300489575453593,3.209211318482842,0.8855505279034691,0.01798561151079137,0.6883969608854704,0.3662008281573499
{'Manajemen Informatika - Kamis - praktikum pemrograman visual '},{'Lab. RPL & Sistem Informasi (Comlab Lt.3)'},0.004214328717639976,0.07495484647802529,0.0030102347983142685,0.7142857142857143,9.52954675846242,1.0,0.002694350436275631,3.2376580373269115,0.8988512696493349,0.03952569169960474,0.6911347682581005,0.3772231784279977
{'Teknik Komputer - Selasa - tugas akhir'},{'Lab. Jaringan Komputer & Komdat (Comlab Lt.2)'},0.002107164358819988,0.09211318482841661,0.0015051173991571343,0.7142857142857143,7.754435107376284,1.0,0.0013110197791092967,3.177603853100542,0.8728808446455505,0.016233766233766236,0.6852974611595302,0.36531279178338005
{'Manajemen Informatika - Selasa - praktikum paket program aplikasi ii'},{'RUANG COMLAB 1.1'},0.001806140878988561,0.048464780252859725,0.0012040939193257074,0.6666666666666666,13.755693581780537,1.0,0.00111655969851982,2.8546056592414204,0.9289806996381182,0.024539877300613498,0.6496889170093851,0.34575569358178054
{'Sistem Informasi Bilingual - Rabu - jaga lab - aslab'},{'Lab. Struktur Data & SI Akuntansi (Comlab Lt.3)'},0.001806140878988561,0.08308248043347381,0.0012040939193257074,0.6666666666666666,8.02415458937198,1.0,0.0010540352550870431,2.7507525586995785,0.8769601930036188,0.014388489208633093,0.6364631210330488,0.3405797101449275
{'Sistem Komputer - Senin - belajar'},{'Lab. Elektronika & Sistem Digital (Comlab Lt.2)'},0.001806140878988561,0.08579169175195665,0.0012040939193257074,0.6666666666666666,7.7707602339181285,1.0,0.0010491420377749128,2.74262492474413,0.8728890229191798,0.013937282229965157,0.635385797387773,0.34035087719298246
{'Teknik Komputer - Selasa - praktikum'},{'Lab. Elektronika & Sistem Digital (Comlab Lt.2)'},0.001806140878988561,0.08579169175195665,0.0012040939193257074,0.6666666666666666,7.7707602339181285,1.0,0.0010491420377749128,2.74262492474413,0.8728890229191798,0.013937282229965157,0.635385797387773,0.34035087719298246
{'Teknik Komputer - Senin - tugas akhir'},{'Lab. Jaringan Komputer & Komdat (Comlab Lt.2)'},0.001806140878988561,0.09211318482841661,0.0012040939193257074,0.6666666666666666,7.237472766884531,1.0,0.0010377245307132753,2.72366044551475,0.8633896260554885,0.012987012987012986,0.6328470380194517,0.3398692810457516
{'Manajemen Informatika - Senin - praktikum desain grafis'},{'Lab. Multimedia & Pemrograman Game (Comlab Lt.4)'},0.001806140878988561,0.0526791089704997,0.0012040939193257074,0.6666666666666666,12.655238095238095,1.0,0.0011089480271453949,2.8419626730885006,0.9226477683956574,0.02259887005649718,0.6481304946509904,0.34476190476190477
{'Sistem Informasi Bilingual - Kamis - kelas'},{'Lab. Pemrograman Lanjut (Diklat Lt.4)'},0.001806140878988561,0.08398555087296809,0.0012040939193257074,0.6666666666666666,7.937873357228195,1.0,0.0010524041826496663,2.7480433473810955,0.8756031363088058,0.014234875444839857,0.6361047212180961,0.34050179211469533
{'Teknik Komputer - Senin - praktikum sistem kendali '},{'Lab. Studio (Comlab Lt.4)'},0.001806140878988561,0.03281155930162553,0.0012040939193257074,0.6666666666666666,20.318042813455655,1.0,0.0011448316207676842,2.901565322095123,0.952503015681544,0.036036036036036036,0.6553584396721651,0.3516819571865443
{'Teknik Komputer - Kamis - tugas akhir'},{'Lab. Jaringan Komputer & Komdat (Comlab Lt.2)'},0.002408187838651415,0.09211318482841661,0.0015051173991571343,0.625,6.785130718954249,1.0,0.0012832915476738913,2.4210315071242223,0.8546771273385636,0.016181229773462785,0.5869529177718833,0.3206699346405229
{'Manajemen Informatika - Kamis - praktikum multimedia '},{'Lab. Multimedia & Pemrograman Game (Comlab Lt.4)'},0.002408187838651415,0.0526791089704997,0.0015051173991571343,0.625,11.864285714285716,1.0,0.0013782562095833843,2.5261890427453344,0.9179239589619795,0.028089887640449437,0.6041468064823642,0.3267857142857143
{'Sistem Informasi Bilingual - Rabu - asisten lab'},{'Lab. RPL & Sistem Informasi (Comlab Lt.3)'},0.002408187838651415,0.07495484647802529,0.0015051173991571343,0.625,8.338353413654618,1.0,0.00132461204942077,2.466787076058599,0.8821967410983705,0.01984126984126984,0.5946143833387569,0.3225401606425703
{'Sistem Komputer - Selasa - asisten lab'},{'Lab. Jaringan Komputer & Komdat (Comlab Lt.2)'},0.008729680915111379,0.09211318482841661,0.005418422636965683,0.6206896551724138,6.738336713995944,1.0,0.004614303925338928,2.3935197854523564,0.8590950501062862,0.056782334384858045,0.5822052501600659,0.33975659229208927
{'Sistem Komputer - Senin - asisten lab'},{'Lab. Jaringan Komputer & Komdat (Comlab Lt.2)'},0.007224563515954244,0.09211318482841661,0.004214328717639976,0.5833333333333334,6.332788671023966,1.0,0.0035488511631902473,2.1789283564118005,0.8482197002512346,0.04430379746835444,0.5410587975243147,0.3145424836601307
{'Manajemen Informatika - Kamis - kegiatan belajar kuliah'},{'Lab. Basis Data & Big Data (Comlab Lt.4)'},0.003612281757977122,0.052980132450331126,0.002107164358819988,0.5833333333333334,11.010416666666668,1.0,0.0019157851928344452,2.272847682119205,0.9124730254639621,0.038674033149171276,0.5600233100233101,0.31155303030303033
{'Sistem Informasi Bilingual - Kamis - asisten lab'},{'Lab. RPL & Sistem Informasi (Comlab Lt.3)'},0.002107164358819988,0.07495484647802529,0.0012040939193257074,0.5714285714285714,7.6236374067699355,1.0,0.0010461517383063886,2.1584386915512743,0.8706636500754147,0.015873015873015872,0.5367021523871507,0.2937464142283419
{'Sistem Informasi Bilingual - Senin - asisten lab'},{'Lab. RPL & Sistem Informasi (Comlab Lt.3)'},0.004214328717639976,0.07495484647802529,0.002408187838651415,0.5714285714285714,7.6236374067699355,1.0,0.0020923034766127772,2.1584386915512743,0.872506045949214,0.03137254901960784,0.5367021523871507,0.3017785427423981
{'Sistem Komputer - Kamis - asisten lab'},{'Lab. Jaringan Komputer & Komdat (Comlab Lt.2)'},0.006321493076459964,0.09211318482841661,0.003612281757977122,0.5714285714285714,6.203548085901027,1.0,0.0030299888978336095,2.1184025687336945,0.8441381399575886,0.0380952380952381,0.5279461917392951,0.3053221288515406
{'Sistem Komputer - Selasa - tugas akhir'},{'Lab. Perangkat keras & Teknologi Komponen (Comlab Lt.3)'},0.012341962673088501,0.060505719446116796,0.006923540036122818,0.5609756097560976,9.271447639849534,1.0,0.006176780705210479,2.1399591945949563,0.903290354213323,0.10502283105022832,0.5327013699486562,0.33770173522630753
{'Sistem Komputer - Rabu - asisten lab'},{'Lab. Elektronika & Sistem Digital (Comlab Lt.2)'},0.004515352197471403,0.08579169175195665,0.002408187838651415,0.5333333333333333,6.2166081871345025,1.0,0.002020808134774428,1.9590178033886643,0.8429467795585123,0.027397260273972605,0.4895401163428822,0.2807017543859649
{'Sistem Komputer - Jumat - tugas akhir'},{'Lab. Perangkat keras & Teknologi Komponen (Comlab Lt.3)'},0.012944009632751354,0.060505719446116796,0.006321493076459964,0.48837209302325585,8.071502950364458,1.0,0.005538306461112878,1.8362842756280444,0.8875963926284145,0.09417040358744394,0.45542200994016535,0.2964248524817772
{'Sistem Komputer - Rabu - asisten lab'},{'Lab. Jaringan Komputer & Komdat (Comlab Lt.2)'},0.004515352197471403,0.09211318482841661,0.002107164358819988,0.4666666666666666,5.066230936819172,1.0,0.0016912408872889074,1.7022877784467185,0.806255129811223,0.022292993630573247,0.4125552608311228,0.24477124183006532
{'Sistem Komputer - Rabu - tugas akhir'},"{'Lab. Robotika, Sistem Kendali & Sistem Tertanam (Comlab Lt.2)'}",0.01053582179409994,0.050270921131848285,0.00481637567730283,0.4571428571428572,9.093584260051326,1.0,0.0042867302108324234,1.7495009347571218,0.8995094310921814,0.08602150537634408,0.4284084220058864,0.27647562018819505
{'Sistem Komputer - Senin - tugas akhir'},"{'Lab. Robotika, Sistem Kendali & Sistem Tertanam (Comlab Lt.2)'}",0.014449127031908489,0.050270921131848285,0.006321493076459964,0.43750000000000006,8.702844311377246,1.0,0.005595122151014835,1.6884072513211585,0.8980713849376035,0.10824742268041238,0.40772583201267837,0.281624251497006
{'Sistem Komputer - Kamis - asisten lab'},{'Lab. Elektronika & Sistem Digital (Comlab Lt.2)'},0.006321493076459964,0.08579169175195665,0.0027092113184828417,0.42857142857142855,4.995488721804511,1.0,0.0021668797330550603,1.599864539434076,0.8049076037564376,0.030303030303030304,0.3749470812361823,0.2300751879699248
{'Sistem Informasi Bilingual - Senin - asisten lab'},{'Lab. Struktur Data & SI Akuntansi (Comlab Lt.3)'},0.004214328717639976,0.08308248043347381,0.001806140878988561,0.42857142857142855,5.158385093167701,1.0,0.001456003995765011,1.604605659241421,0.809552599758162,0.02112676056338028,0.37679392177094073,0.22515527950310557
{'Sistem Komputer - Rabu - tugas akhir'},{'Lab. Perangkat keras & Teknologi Komponen (Comlab Lt.3)'},0.01053582179409994,0.060505719446116796,0.004214328717639976,0.4,6.610945273631842,1.0,0.003576851240031882,1.5658238009231387,0.8577730453300884,0.06306306306306307,0.36135853892983016,0.2348258706467662
